id,first_name,last_name,email,gender
17230,Addie,Synan,asynan0@fda.gov,Female
14251,Lesly,Everix,leverix1@icq.com,Bigender
13450,Blayne,McClelland,bmcclelland2@mediafire.com,Genderqueer
18047,Rollin,Hugh,rhugh3@dedecms.com,Male
16262,Tamarra,Gent,tgent4@toplist.cz,Female
17064,Matthew,Geard,mgeard5@cdc.gov,Male
13549,Collen,Stiles,cstiles6@paypal.com,Female
16593,Clevie,Gaskoin,cgaskoin7@rakuten.co.jp,Male
17436,Aubine,Levine,alevine8@diigo.com,Female
14947,Georgi,Keaveney,gkeaveney9@blogs.com,Male
15563,Ysabel,Guice,yguicea@virginia.edu,Polygender
17085,Kaile,Feetham,kfeethamb@t.co,Female
15538,Kyle,Wildor,kwildorc@flavors.me,Female
17203,Gaylord,Aleswell,galeswelld@state.tx.us,Male
17532,Traci,Gammidge,tgammidgee@toplist.cz,Female
12743,Kerry,Warrington,kwarringtonf@vk.com,Male
14676,Eli,Pountain,epountaing@patch.com,Male
12696,Carson,Buckell,cbuckellh@columbia.edu,Male
13893,Dorothea,Burrett,dburretti@eepurl.com,Female
12515,Percival,Hadkins,phadkinsj@oakley.com,Genderqueer
16203,Janina,Drioli,jdriolik@qq.com,Female
15980,Kerr,Buglass,kbuglassl@wikia.com,Male
16918,Thorstein,Lackemann,tlackemannm@marriott.com,Male
13921,Carl,Ginger,cgingern@exblog.jp,Male
13274,Jorge,Garatty,jgarattyo@intel.com,Male
13785,Torie,Tawton,ttawtonp@squidoo.com,Female
17047,Belva,Cruise,bcruiseq@wikimedia.org,Female
17308,Eda,Ilyinykh,eilyinykhr@vimeo.com,Female
14350,Vanna,Darrigone,vdarrigones@purevolume.com,Female
16476,Wye,McKew,wmckewt@flavors.me,Male
16441,Eamon,Dancey,edanceyu@sakura.ne.jp,Male
12248,Sephira,Spincke,sspinckev@meetup.com,Female
13800,Eloise,Fulop,efulopw@comcast.net,Female
15917,Whit,Rohlfing,wrohlfingx@wired.com,Male
15075,Cynthia,Dust,cdusty@pen.io,Female
12937,Reta,Jacquemy,rjacquemyz@creativecommons.org,Bigender
16175,Bat,Feely,bfeely10@google.it,Male
18076,Marilin,O'Leahy,moleahy11@360.cn,Female
16238,Gus,Garza,ggarza12@yahoo.com,Male
15546,Freddi,Goroni,fgoroni13@soundcloud.com,Female
13218,Benny,Filpo,bfilpo14@xinhuanet.com,Male
15648,Roxanna,Kleanthous,rkleanthous15@privacy.gov.au,Female
17038,Vernon,McRamsey,vmcramsey16@oaic.gov.au,Male
14376,Lisetta,Johnstone,ljohnstone17@mtv.com,Genderfluid
17528,Desmond,Laundon,dlaundon18@huffingtonpost.com,Male
17973,Paddie,Hargey,phargey19@networksolutions.com,Male
13603,Millie,Millom,mmillom1a@narod.ru,Female
13668,Anica,Rettie,arettie1b@clickbank.net,Female
15246,Penni,Dallicoat,pdallicoat1c@cbsnews.com,Female
17812,Karlie,Culleton,kculleton1d@google.it,Female
16234,Hamel,Eldridge,heldridge1e@mediafire.com,Male
13802,Elbertine,Engel,eengel1f@netlog.com,Female
12658,Shaylah,Anfosso,sanfosso1g@reddit.com,Female
13685,Ogdan,Pendall,opendall1h@soundcloud.com,Male
14047,Modesty,Epdell,mepdell1i@spiegel.de,Female
17633,Onfre,Tunnicliffe,otunnicliffe1j@imgur.com,Male
15305,Wilbert,Grishanov,wgrishanov1k@gnu.org,Male
16955,Ricard,Wrathmell,rwrathmell1l@umn.edu,Male
17483,Mariejeanne,Lindenblatt,mlindenblatt1m@cnn.com,Female
15396,Aila,Huck,ahuck1n@skyrock.com,Female
17366,Nichol,Winslow,nwinslow1o@abc.net.au,Female
17320,Cassi,Lawrey,clawrey1p@wordpress.com,Female
12879,Andris,Gonnard,agonnard1q@hibu.com,Male
18040,Kara,Lynam,klynam1r@storify.com,Female
15544,Agustin,Bernardotti,abernardotti1s@hugedomains.com,Male
16879,Mord,Chastaing,mchastaing1t@paginegialle.it,Male
12449,Hendrika,Craddy,hcraddy1u@statcounter.com,Genderfluid
15234,Arlyn,Huntriss,ahuntriss1v@furl.net,Female
13068,Carny,Czajkowska,cczajkowska1w@rakuten.co.jp,Male
12445,Kathryne,Gutierrez,kgutierrez1x@amazon.co.jp,Female
14860,Annadiana,Lipmann,alipmann1y@simplemachines.org,Female
14028,Maude,Irons,mirons1z@printfriendly.com,Female
13911,Rodolphe,Lincoln,rlincoln20@alibaba.com,Male
13472,Inigo,Andrick,iandrick21@hibu.com,Male
15997,Paige,Djekic,pdjekic22@simplemachines.org,Female
16791,Ugo,Orys,uorys23@ebay.co.uk,Male
13123,Juan,Roston,jroston24@de.vu,Male
16676,Karil,Gabotti,kgabotti25@npr.org,Female
13448,Diann,Gadeaux,dgadeaux26@ow.ly,Female
16100,Aimee,Standfield,astandfield27@epa.gov,Polygender
14831,Payton,Jakubovski,pjakubovski28@craigslist.org,Male
13016,Sula,De Pietri,sdepietri29@hao123.com,Female
12945,Cammi,Knotton,cknotton2a@newsvine.com,Female
12327,Laraine,Pendry,lpendry2b@hp.com,Female
16878,Maud,Antuoni,mantuoni2c@cargocollective.com,Female
17931,Jeremie,Persence,jpersence2d@cpanel.net,Male
17607,Alexa,Cuseck,acuseck2e@nifty.com,Female
15357,Joli,Blenkinsop,jblenkinsop2f@quantcast.com,Female
12723,Fabio,Guidoni,fguidoni2g@angelfire.com,Male
17863,Merridie,Franiak,mfraniak2h@alexa.com,Female
13939,Malcolm,Chugg,mchugg2i@virginia.edu,Male
16441,Ardisj,Ambrosoli,aambrosoli2j@topsy.com,Polygender
18215,Reynard,Carse,rcarse2k@tripod.com,Male
14794,Agustin,Yuranovev,ayuranovev2l@fastcompany.com,Male
17665,Etienne,Wiersma,ewiersma2m@hhs.gov,Male
15713,Bartel,Karpenya,bkarpenya2n@sina.com.cn,Bigender
16658,Talya,Warin,twarin2o@soundcloud.com,Female
16591,Cherice,Vanacci,cvanacci2p@patch.com,Female
16364,Nanete,Stuck,nstuck2q@purevolume.com,Polygender
14778,Haley,Charer,hcharer2r@toplist.cz,Female
16161,Harry,Rapsey,hrapsey2s@apache.org,Bigender
15461,Claybourne,Jamrowicz,cjamrowicz2t@spotify.com,Male
17164,Matteo,Bothen,mbothen2u@prnewswire.com,Male
17308,Teodorico,Kerwood,tkerwood2v@slate.com,Male
13903,Othella,McGiveen,omcgiveen2w@wunderground.com,Female
17240,Edgardo,Novill,enovill2x@unc.edu,Male
17273,Pepi,Semerad,psemerad2y@rakuten.co.jp,Female
15984,Murry,Gyse,mgyse2z@ft.com,Male
14374,Rabbi,Ivanovic,rivanovic30@lycos.com,Male
18022,Halimeda,Marling,hmarling31@ehow.com,Non-binary
14130,Dannel,Plunket,dplunket32@disqus.com,Male
15448,Chicky,Daspar,cdaspar33@bing.com,Female
12943,Putnem,Lafont,plafont34@moonfruit.com,Male
12460,Bernete,MacPeice,bmacpeice35@spiegel.de,Female
13807,Cameron,Yanshinov,cyanshinov36@rakuten.co.jp,Male
13348,Mellie,Silverthorn,msilverthorn37@google.de,Female
16587,Tadd,Kerwick,tkerwick38@scribd.com,Male
12452,Chrysler,Leveritt,cleveritt39@hostgator.com,Female
14081,Concettina,Lampen,clampen3a@vk.com,Female
15360,Baryram,Smalman,bsmalman3b@sourceforge.net,Male
14919,Maia,Lamswood,mlamswood3c@topsy.com,Female
16194,Farleigh,Hardy-Piggin,fhardypiggin3d@shinystat.com,Male
17077,Farley,Segrott,fsegrott3e@cyberchimps.com,Male
14760,Basilio,Barracks,bbarracks3f@sbwire.com,Male
14161,Nels,Fateley,nfateley3g@sourceforge.net,Male
12157,Lucina,Ready,lready3h@netlog.com,Female
12359,Bord,Dailey,bdailey3i@cloudflare.com,Male
14524,Leena,Colton,lcolton3j@google.it,Female
15816,Scottie,Crossman,scrossman3k@twitter.com,Male
17207,Lizette,Doudney,ldoudney3l@google.ru,Female
12216,Flinn,Gladwell,fgladwell3m@ow.ly,Male
15216,Giorgio,Juorio,gjuorio3n@wp.com,Male
13751,Bartholomeo,Gadesby,bgadesby3o@amazon.co.uk,Male
12471,Pren,Collingdon,pcollingdon3p@china.com.cn,Male
17246,Rafferty,Pottiphar,rpottiphar3q@oracle.com,Male
13285,Wally,Ayton,wayton3r@blogtalkradio.com,Female
17827,Melamie,Benjamin,mbenjamin3s@biblegateway.com,Female
12248,Zachery,Robshaw,zrobshaw3t@globo.com,Male
12706,Pepita,Gutteridge,pgutteridge3u@nytimes.com,Female
12828,Serena,Philipson,sphilipson3v@scientificamerican.com,Female
17287,Terrijo,Tallach,ttallach3w@omniture.com,Female
18049,Fancy,Grigg,fgrigg3x@washingtonpost.com,Female
16095,Noak,Kruschov,nkruschov3y@unc.edu,Male
16256,Rhea,Hanwright,rhanwright3z@prlog.org,Female
16897,Pacorro,Kinglesyd,pkinglesyd40@biblegateway.com,Male
15937,Levi,Keaves,lkeaves41@homestead.com,Male
15250,Jacky,Guye,jguye42@uiuc.edu,Male
17565,Diena,Vasilyonok,dvasilyonok43@angelfire.com,Female
14038,Bonita,Cleall,bcleall44@reuters.com,Female
17649,Katalin,Hubbins,khubbins45@pcworld.com,Female
13090,Dag,McFadyen,dmcfadyen46@so-net.ne.jp,Male
16780,Valentine,Gerbl,vgerbl47@bloglovin.com,Female
12456,Diahann,Dumphrey,ddumphrey48@ehow.com,Female
16284,Ebonee,Conkay,econkay49@51.la,Female
15985,Leora,Chidler,lchidler4a@networksolutions.com,Female
13327,Davide,Burless,dburless4b@newyorker.com,Genderfluid
13968,Min,O'Gorman,mogorman4c@odnoklassniki.ru,Female
14174,Bernie,Jeal,bjeal4d@paypal.com,Male
17961,Goldia,Kuschke,gkuschke4e@unc.edu,Polygender
12156,Cherlyn,Ribou,cribou4f@hatena.ne.jp,Female
16080,Damien,Wilde,dwilde4g@nba.com,Male
13681,Othelia,McAless,omcaless4h@flavors.me,Female
16498,Jedd,Trimmell,jtrimmell4i@smugmug.com,Polygender
13943,Bren,Stollsteiner,bstollsteiner4j@stumbleupon.com,Female
12009,Chris,Winkell,cwinkell4k@japanpost.jp,Female
14967,Sayre,Capstack,scapstack4l@cnet.com,Male
15045,Abbot,Tott,atott4m@a8.net,Male
13624,Blakeley,Jezard,bjezard4n@chron.com,Female
16377,Damian,McCandless,dmccandless4o@wordpress.com,Male
12830,Robby,Harvie,rharvie4p@ning.com,Male
14774,Kathlin,Champniss,kchampniss4q@instagram.com,Female
13250,Garek,Sein,gsein4r@slate.com,Genderfluid
17938,Giffie,Barbe,gbarbe4s@house.gov,Male
14425,Freddy,Thominga,fthominga4t@themeforest.net,Male
15936,Cordula,Hollingsby,chollingsby4u@tinypic.com,Genderqueer
13114,Alric,Foxall,afoxall4v@stumbleupon.com,Male
15313,Augie,Champerlen,achamperlen4w@forbes.com,Agender
16720,Stanfield,Garbott,sgarbott4x@i2i.jp,Male
18201,Aurelie,Corneille,acorneille4y@wordpress.com,Female
15020,Aland,Menhci,amenhci4z@harvard.edu,Male
17520,Brooke,Toombs,btoombs50@alibaba.com,Female
14447,Kerwin,Cracker,kcracker51@smugmug.com,Male
17238,Katrinka,Castagnaro,kcastagnaro52@odnoklassniki.ru,Female
17333,Stern,Cleiment,scleiment53@newyorker.com,Male
17616,Kain,Dering,kdering54@sphinn.com,Male
13509,Lindsay,Lumpkin,llumpkin55@earthlink.net,Bigender
12685,Philippe,Tant,ptant56@ucsd.edu,Genderqueer
16539,Albertine,Summerrell,asummerrell57@phoca.cz,Female
17576,Hallie,Bassindale,hbassindale58@mashable.com,Female
15115,Bentlee,Archambault,barchambault59@whitehouse.gov,Male
18135,Leroy,Flatt,lflatt5a@lulu.com,Male
12273,Mildred,Playfoot,mplayfoot5b@vkontakte.ru,Genderfluid
15705,Milly,Passingham,mpassingham5c@sphinn.com,Female
17070,Palm,Easson,peasson5d@cyberchimps.com,Male
16130,Sheryl,Pitts,spitts5e@google.it,Female
15762,Tedi,Bumford,tbumford5f@abc.net.au,Non-binary
15749,Andreas,Ply,aply5g@scribd.com,Male
14083,Jerrold,Shadrach,jshadrach5h@storify.com,Male
14322,Lettie,Hymers,lhymers5i@domainmarket.com,Genderqueer
15874,Susanna,Bourbon,sbourbon5j@e-recht24.de,Genderqueer
12606,Arin,Andrault,aandrault5k@xrea.com,Male
15680,Amalle,Pottie,apottie5l@archive.org,Female
13201,Skipper,Poinsett,spoinsett5m@macromedia.com,Male
15711,Raina,Escot,rescot5n@shinystat.com,Female
13129,Steve,Kohen,skohen5o@aboutads.info,Male
12398,Farra,Pallasch,fpallasch5p@storify.com,Female
17516,Maggy,Cavozzi,mcavozzi5q@t-online.de,Female
14808,Kori,Paynton,kpaynton5r@fda.gov,Female
17291,Tamqrah,Coleyshaw,tcoleyshaw5s@reuters.com,Female
13403,Scarface,Lammerding,slammerding5t@fema.gov,Male
13591,Bennett,Helversen,bhelversen5u@ox.ac.uk,Non-binary
16195,Danit,Stampe,dstampe5v@ezinearticles.com,Female
17961,Wash,Huddles,whuddles5w@yale.edu,Male
13522,Karen,Pedrollo,kpedrollo5x@businessinsider.com,Female
12951,Nathanael,Halpin,nhalpin5y@geocities.jp,Male
12034,Maudie,MacEvilly,mmacevilly5z@youtu.be,Female
17115,Obadias,Skillen,oskillen60@rakuten.co.jp,Male
18018,Nessi,Padefield,npadefield61@t.co,Female
14310,Jackelyn,Orhrt,jorhrt62@flickr.com,Female
18142,Land,Izzard,lizzard63@theglobeandmail.com,Male
12760,Elna,Jewis,ejewis64@clickbank.net,Female
15356,Tera,Lias,tlias65@npr.org,Female
12646,Clemente,Frangione,cfrangione66@home.pl,Male
14806,Cristabel,Quene,cquene67@tripadvisor.com,Female
17081,Gerome,Tregian,gtregian68@arstechnica.com,Bigender
17338,Thurstan,Cripwell,tcripwell69@hugedomains.com,Male
16717,Jocko,Lutty,jlutty6a@tumblr.com,Male
16807,Kevon,Carstairs,kcarstairs6b@scientificamerican.com,Male
12641,Orson,Elkin,oelkin6c@businesswire.com,Male
15928,Francois,Cloney,fcloney6d@jiathis.com,Non-binary
15861,Hersch,Denidge,hdenidge6e@spiegel.de,Male
18094,Yuri,Swindley,yswindley6f@ask.com,Bigender
15184,Land,Clowton,lclowton6g@who.int,Male
12761,Charlean,Doust,cdoust6h@xrea.com,Female
14938,Tildi,Andrzejowski,tandrzejowski6i@blogtalkradio.com,Female
14568,Chrisy,Hubble,chubble6j@meetup.com,Male
16679,Karlik,Arnett,karnett6k@youtube.com,Male
16461,Car,Nelthropp,cnelthropp6l@xrea.com,Male
17616,Lemmie,Harken,lharken6m@dropbox.com,Male
12596,Mattias,Mynard,mmynard6n@unicef.org,Male
13274,Robbin,Obington,robington6o@arstechnica.com,Female
16069,Averyl,MacMenamie,amacmenamie6p@intel.com,Female
14733,Arline,Searight,asearight6q@cnn.com,Female
15801,Yehudit,de Banke,ydebanke6r@bloomberg.com,Male
16347,Clayson,Mattam,cmattam6s@paginegialle.it,Male
12884,Ardelia,Searchwell,asearchwell6t@amazonaws.com,Female
14645,August,Lindup,alindup6u@qq.com,Male
16796,Oberon,Trout,otrout6v@msu.edu,Male
13772,Robin,Aleksich,raleksich6w@webnode.com,Male
17886,Maggy,Peel,mpeel6x@unesco.org,Female
17634,Allard,Tromans,atromans6y@usda.gov,Male
18195,Idalina,Rizzillo,irizzillo6z@unc.edu,Polygender
15473,Osgood,Boughey,oboughey70@marriott.com,Male
18062,Karrah,Buglar,kbuglar71@feedburner.com,Female
15945,Felita,La Torre,flatorre72@google.com.br,Female
13064,Jecho,Secret,jsecret73@ucoz.com,Male
15212,Marigold,Camosso,mcamosso74@hexun.com,Female
13228,Anissa,Whittenbury,awhittenbury75@ezinearticles.com,Female
15117,Alix,Lunam,alunam76@yellowbook.com,Male
17729,Cate,Bartoli,cbartoli77@mac.com,Female
17341,Lorene,Richings,lrichings78@bbb.org,Female
16096,Papageno,Tolefree,ptolefree79@uiuc.edu,Male
13407,Alexina,De la Barre,adelabarre7a@weebly.com,Female
15364,Travis,Beveridge,tbeveridge7b@cdc.gov,Non-binary
14633,Valentina,Mouncher,vmouncher7c@storify.com,Female
15106,Marlo,Crammy,mcrammy7d@google.es,Bigender
13361,Letizia,McVie,lmcvie7e@ameblo.jp,Female
15587,Aleda,Cooch,acooch7f@wikimedia.org,Female
13891,Grannie,Rottenbury,grottenbury7g@independent.co.uk,Male
13076,Danita,Lutzmann,dlutzmann7h@nih.gov,Female
15208,Nero,Farra,nfarra7i@g.co,Male
12791,Fara,Vala,fvala7j@webs.com,Female
13817,Carling,Donizeau,cdonizeau7k@patch.com,Male
17775,Cobb,Wright,cwright7l@360.cn,Male
17900,Byron,Peat,bpeat7m@dagondesign.com,Male
15616,Parry,Ingerfield,pingerfield7n@printfriendly.com,Male
13859,Lotty,Shenley,lshenley7o@last.fm,Female
14058,Osborne,Arangy,oarangy7p@123-reg.co.uk,Male
14468,Kippy,Rickasse,krickasse7q@facebook.com,Female
15797,Bordie,Pargent,bpargent7r@purevolume.com,Polygender
17960,Barny,Andren,bandren7s@myspace.com,Male
12572,Jammie,Thrussell,jthrussell7t@globo.com,Female
17139,Teresa,Scott,tscott7u@amazon.co.uk,Female
13409,Eberto,Adamovsky,eadamovsky7v@phoca.cz,Male
18031,Godfree,Rault,grault7w@thetimes.co.uk,Male
12904,Minnie,Gemlett,mgemlett7x@cornell.edu,Female
17960,Alexa,Tomaszynski,atomaszynski7y@dagondesign.com,Female
13871,Stan,Ellings,sellings7z@hexun.com,Male
18087,Daphne,McKeurtan,dmckeurtan80@ebay.co.uk,Female
14681,Jocelyn,Casol,jcasol81@japanpost.jp,Female
15858,Jerrilee,Linfield,jlinfield82@bandcamp.com,Female
15598,Ebony,Daveran,edaveran83@slate.com,Female
17116,Margaretha,Wesson,mwesson84@addthis.com,Female
15761,Baxy,Bawdon,bbawdon85@cnet.com,Male
15982,Welch,Campanelli,wcampanelli86@china.com.cn,Genderfluid
12788,Misty,Havercroft,mhavercroft87@vk.com,Female
12642,Jorrie,Rohlf,jrohlf88@g.co,Genderfluid
16367,Keefer,Davison,kdavison89@tripod.com,Polygender
16322,Cele,Ibell,cibell8a@ehow.com,Female
13784,Mildrid,Myrie,mmyrie8b@timesonline.co.uk,Female
13388,Sky,Saph,ssaph8c@comcast.net,Male
18194,Tildi,Eede,teede8d@opensource.org,Female
12724,Brandea,Kydd,bkydd8e@amazon.com,Female
16164,Moll,Dreger,mdreger8f@guardian.co.uk,Female
17808,Lani,Brandino,lbrandino8g@ucla.edu,Female
13007,Elwyn,Aloigi,ealoigi8h@sciencedaily.com,Bigender
14490,Bink,Ream,bream8i@tripadvisor.com,Male
12037,Cinnamon,McCurdy,cmccurdy8j@chronoengine.com,Female
15861,Hermione,Aykroyd,haykroyd8k@topsy.com,Female
17644,Ryon,Guilder,rguilder8l@ftc.gov,Male
17376,Kittie,Pillifant,kpillifant8m@symantec.com,Bigender
13625,Clemmie,Greystock,cgreystock8n@ycombinator.com,Male
18049,Glenden,Pessler,gpessler8o@cdc.gov,Male
12987,Shelli,Egar,segar8p@surveymonkey.com,Female
12415,Tamarra,Lamprecht,tlamprecht8q@paypal.com,Female
13280,Shurlock,Bruyns,sbruyns8r@ed.gov,Male
16773,Daune,McCanny,dmccanny8s@instagram.com,Female
12174,Davon,Kinsella,dkinsella8t@wufoo.com,Male
12733,Emmanuel,Krammer,ekrammer8u@ovh.net,Male
14612,Efren,Wedderburn,ewedderburn8v@slate.com,Male
16559,Berny,Brommage,bbrommage8w@biglobe.ne.jp,Male
13580,Orin,Abbett,oabbett8x@statcounter.com,Male
18223,Duky,Neljes,dneljes8y@biblegateway.com,Genderfluid
12876,Caspar,Nano,cnano8z@devhub.com,Male
14806,Kaitlynn,Seville,kseville90@rakuten.co.jp,Female
14956,Marni,Solloway,msolloway91@technorati.com,Polygender
13077,Laurella,Ibanez,libanez92@technorati.com,Female
17649,Burgess,Jiggens,bjiggens93@infoseek.co.jp,Male
15585,Faun,Davidge,fdavidge94@nydailynews.com,Female
13150,Gil,Tuison,gtuison95@behance.net,Male
16363,Geri,McLese,gmclese96@nymag.com,Female
15418,Gibb,Goldman,ggoldman97@hexun.com,Male
17251,Daron,Corneil,dcorneil98@vk.com,Non-binary
13350,Jamey,Bodycombe,jbodycombe99@jimdo.com,Non-binary
17096,Dania,Fick,dfick9a@friendfeed.com,Female
14770,Harlan,Bridgens,hbridgens9b@yelp.com,Male
17999,Wald,Speek,wspeek9c@skyrock.com,Male
14722,Terri,Kinson,tkinson9d@arizona.edu,Male
18214,Jillie,McCreary,jmccreary9e@craigslist.org,Female
16533,Hallie,Pickthorn,hpickthorn9f@aol.com,Female
16632,Cacilia,O'Hartagan,cohartagan9g@google.nl,Female
12527,Darby,Griffin,dgriffin9h@ox.ac.uk,Female
16110,Rufus,Crutcher,rcrutcher9i@youtube.com,Male
15899,Laurens,Forkan,lforkan9j@telegraph.co.uk,Male
14924,Taryn,Riccelli,triccelli9k@freewebs.com,Genderqueer
14525,Tam,Critch,tcritch9l@cisco.com,Male
16802,Max,Rableau,mrableau9m@histats.com,Female
12162,Candi,Caghan,ccaghan9n@si.edu,Female
13070,Goran,Amthor,gamthor9o@skyrock.com,Male
15848,Siouxie,Gravells,sgravells9p@friendfeed.com,Female
14556,Reeva,Lambden,rlambden9q@163.com,Polygender
14610,Alleyn,Firsby,afirsby9r@goodreads.com,Male
18054,Ilse,Moulsdale,imoulsdale9s@skype.com,Female
12797,Vivianne,Plail,vplail9t@msu.edu,Female
16278,Katalin,Barwise,kbarwise9u@istockphoto.com,Female
17030,Reggy,Gritland,rgritland9v@europa.eu,Male
15401,Ciro,Von Brook,cvonbrook9w@icq.com,Male
15135,Penn,Hulett,phulett9x@plala.or.jp,Male
17132,Howie,Fulks,hfulks9y@eepurl.com,Male
14114,Nelie,Pomfret,npomfret9z@ehow.com,Female
17975,Gerianna,Grass,ggrassa0@reuters.com,Female
15445,Matty,Critzen,mcritzena1@vkontakte.ru,Female
14496,Chaim,Baverstock,cbaverstocka2@biblegateway.com,Male
13832,Claresta,Bownde,cbowndea3@buzzfeed.com,Female
14786,Sibley,Sollam,ssollama4@chron.com,Non-binary
15069,Julius,Tassel,jtassela5@imageshack.us,Male
15538,Holmes,Soutter,hsouttera6@ustream.tv,Male
18090,Chantalle,Polotti,cpolottia7@wordpress.com,Non-binary
14344,Angeli,Curling,acurlinga8@indiatimes.com,Male
14530,Korie,Agar,kagara9@nih.gov,Female
12167,Neils,Klee,nkleeaa@cnbc.com,Male
12640,Sven,Kelso,skelsoab@tiny.cc,Male
13181,Barnaby,Hars,bharsac@1und1.de,Male
16012,Alena,Ruselin,aruselinad@mashable.com,Female
12463,Gabrila,Mc Meekan,gmcmeekanae@hugedomains.com,Female
16958,Cornelle,Fludgate,cfludgateaf@google.com,Female
15937,Gordan,Berrisford,gberrisfordag@over-blog.com,Male
13594,Emmett,Bennett,ebennettah@ucsd.edu,Male
17918,Maren,Rearden,mreardenai@booking.com,Female
17331,Jay,Garvie,jgarvieaj@hp.com,Agender
15781,Omar,Halbeard,ohalbeardak@free.fr,Male
14664,Pauli,Bernakiewicz,pbernakiewiczal@amazon.de,Female
12298,Roz,Milward,rmilwardam@kickstarter.com,Female
14615,Sayre,Lovelock,slovelockan@marketwatch.com,Female
16456,Cordy,Lusty,clustyao@symantec.com,Male
13749,Jessica,Sutcliff,jsutcliffap@ucsd.edu,Female
13889,Virginia,Scarce,vscarceaq@spiegel.de,Female
15971,Merle,Maccree,mmaccreear@sbwire.com,Female
17164,Crissie,Lewnden,clewndenas@360.cn,Female
13481,Sibilla,Wingfield,swingfieldat@goo.gl,Female
17770,Harriot,Dansey,hdanseyau@ucla.edu,Female
14915,Ardelia,Braysher,abraysherav@tinyurl.com,Female
17436,Jacinta,Theuss,jtheussaw@phoca.cz,Female
17254,Christos,Molen,cmolenax@google.pl,Male
15560,Vonnie,Balchin,vbalchinay@salon.com,Female
13326,Joni,Vautre,jvautreaz@sourceforge.net,Female
18188,Elayne,Gagie,egagieb0@instagram.com,Female
15190,Lorette,Kevis,lkevisb1@wiley.com,Female
14604,Teodoor,Drake,tdrakeb2@homestead.com,Male
12119,Latashia,Pfleger,lpflegerb3@mac.com,Female
15708,Quintana,Loverock,qloverockb4@de.vu,Female
17524,Robinett,Muzzullo,rmuzzullob5@bizjournals.com,Female
18073,Rustie,Proffitt,rproffittb6@flavors.me,Male
12160,Sutherland,Dmisek,sdmisekb7@imageshack.us,Polygender
12613,Aldridge,Iacobo,aiacobob8@blogspot.com,Male
12141,Simmonds,Petrillo,spetrillob9@alibaba.com,Male
12319,Cesya,Heisham,cheishamba@liveinternet.ru,Female
13989,Amberly,Mingo,amingobb@abc.net.au,Female
12176,Humfried,Reuven,hreuvenbc@webmd.com,Bigender
13993,Michal,Gridley,mgridleybd@wp.com,Female
13267,Austina,Kobisch,akobischbe@histats.com,Female
16412,Tammie,Bruhnke,tbruhnkebf@chron.com,Male
12611,Ky,Brandt,kbrandtbg@taobao.com,Male
17499,Blithe,Corbould,bcorbouldbh@miitbeian.gov.cn,Female
17103,Vina,Bunyan,vbunyanbi@gmpg.org,Female
17358,Bertram,Jirasek,bjirasekbj@networksolutions.com,Genderqueer
14910,Sisely,Goodbourn,sgoodbournbk@ox.ac.uk,Female
17124,Danni,Lush,dlushbl@networkadvertising.org,Female
14338,Nerta,Treweela,ntreweelabm@mail.ru,Female
18048,Cassaundra,Wisam,cwisambn@google.com.hk,Bigender
12225,Fabian,Kleanthous,fkleanthousbo@printfriendly.com,Polygender
16110,Donalt,Clara,dclarabp@hostgator.com,Male
16170,Rosalynd,Stevani,rstevanibq@51.la,Female
12303,Leila,Bagnall,lbagnallbr@weather.com,Female
14690,Roxanne,Patershall,rpatershallbs@facebook.com,Female
14048,Clem,O'Spillane,cospillanebt@jugem.jp,Male
12530,Mathe,Hiom,mhiombu@scribd.com,Male
15691,Ethel,Dunbobin,edunbobinbv@harvard.edu,Female
15644,Creigh,Andresser,candresserbw@google.nl,Genderqueer
17835,Martelle,Cansdill,mcansdillbx@craigslist.org,Female
12951,Hashim,Cottie,hcottieby@csmonitor.com,Male
12770,Laina,Lyst,llystbz@hostgator.com,Female
14631,Vanda,Vassie,vvassiec0@ucsd.edu,Female
12720,Evangelia,Micka,emickac1@huffingtonpost.com,Female
12187,Zuzana,Bamforth,zbamforthc2@msn.com,Female
13098,Simonette,Brailsford,sbrailsfordc3@cnet.com,Female
16261,Audry,Merrgan,amerrganc4@eepurl.com,Female
14090,Dal,Dumsday,ddumsdayc5@edublogs.org,Male
13206,Cull,Souter,csouterc6@exblog.jp,Male
13698,Claiborn,Nare,cnarec7@google.co.uk,Male
15930,Lorenzo,Sames,lsamesc8@hibu.com,Male
13617,Domenic,Fincke,dfinckec9@nasa.gov,Male
16064,Joni,Lawee,jlaweeca@topsy.com,Female
14145,Hedi,Panketh,hpankethcb@i2i.jp,Female
15440,Eldon,Gillingham,egillinghamcc@businessinsider.com,Male
12416,Albert,Swetland,aswetlandcd@ask.com,Non-binary
16339,Hammad,Kimmitt,hkimmittce@ucoz.com,Non-binary
15910,Bernelle,Bretherick,bbretherickcf@va.gov,Female
15915,Bobbye,Slyvester,bslyvestercg@godaddy.com,Genderfluid
16007,Lodovico,Domino,ldominoch@ibm.com,Male
14107,Brina,Clace,bclaceci@arizona.edu,Female
12867,Duffie,Gillyett,dgillyettcj@hhs.gov,Agender
16485,Kenny,Annatt,kannattck@sakura.ne.jp,Bigender
17040,Janeta,Covert,jcovertcl@mozilla.org,Female
12928,Robinet,Bedborough,rbedboroughcm@merriam-webster.com,Female
14397,Harcourt,Shovelin,hshovelincn@oakley.com,Male
17788,Gusty,Yantsev,gyantsevco@chron.com,Female
16182,Leicester,Drinkale,ldrinkalecp@ted.com,Male
18161,Darius,Praill,dpraillcq@abc.net.au,Male
16773,Hobie,Fielder,hfieldercr@usa.gov,Male
17090,Shandeigh,Gonneau,sgonneaucs@zdnet.com,Female
16482,Harlin,Steuhlmeyer,hsteuhlmeyerct@statcounter.com,Male
14943,Karia,Marklund,kmarklundcu@tinypic.com,Female
13746,Sumner,Orviss,sorvisscv@hibu.com,Male
13011,Jaymie,Massen,jmassencw@miibeian.gov.cn,Male
12267,Stewart,Baldoni,sbaldonicx@tuttocitta.it,Male
15902,Theo,Taill,ttaillcy@issuu.com,Female
12450,Phillipp,Stuchbury,pstuchburycz@economist.com,Male
18159,Teodoor,Haine,thained0@nhs.uk,Male
14246,Jordanna,Downse,jdownsed1@theguardian.com,Female
14481,Pincus,Bottle,pbottled2@theguardian.com,Male
17309,Ely,Piche,epiched3@bloglovin.com,Male
15117,Shantee,Corsham,scorshamd4@latimes.com,Female
12061,Lark,McQuilliam,lmcquilliamd5@ftc.gov,Female
15378,Clo,Shuxsmith,cshuxsmithd6@virginia.edu,Female
16353,Chev,Joffe,cjoffed7@elpais.com,Male
13691,Harvey,Cusworth,hcusworthd8@sun.com,Male
12006,Wendy,Rhelton,wrheltond9@gnu.org,Female
15567,Hermon,Pavluk,hpavlukda@pagesperso-orange.fr,Male
16334,Adelina,Gantzer,agantzerdb@smugmug.com,Female
16210,Reinold,Vittery,rvitterydc@slashdot.org,Male
12376,Franni,Bande,fbandedd@multiply.com,Non-binary
13810,Brendon,Lawlings,blawlingsde@seattletimes.com,Male
15597,Nicolea,Claringbold,nclaringbolddf@godaddy.com,Female
14718,Miguel,Kyngdon,mkyngdondg@dailymail.co.uk,Male
13596,Merrile,Khoter,mkhoterdh@weebly.com,Bigender
14972,Brice,Drydale,bdrydaledi@altervista.org,Male
16092,Leanor,Bagehot,lbagehotdj@businessweek.com,Female
13813,Perkin,Ungaretti,pungarettidk@gravatar.com,Male
15333,Isiahi,Romanet,iromanetdl@chron.com,Bigender
16242,Carson,Marginson,cmarginsondm@webmd.com,Polygender
15954,Joel,Essam,jessamdn@wordpress.org,Male
17642,Dorri,Primo,dprimodo@ebay.com,Female
14953,Tiphanie,Howsin,thowsindp@cnet.com,Female
13164,Gordy,Barhem,gbarhemdq@slideshare.net,Male
15849,Noami,Kinkaid,nkinkaiddr@dmoz.org,Female
16390,Millie,Lydall,mlydallds@is.gd,Female
12535,Kinny,Brosenius,kbroseniusdt@shutterfly.com,Male
18123,Penelope,Yakunchikov,pyakunchikovdu@google.es,Female
17538,Garnet,Kewish,gkewishdv@barnesandnoble.com,Female
12670,Goran,Andrysiak,gandrysiakdw@technorati.com,Male
13675,Andris,Bahike,abahikedx@google.de,Male
12463,Roman,Denerley,rdenerleydy@bizjournals.com,Male
14909,Vasilis,Hawyes,vhawyesdz@bing.com,Male
13215,Mariellen,Ivett,mivette0@spotify.com,Female
12094,Fonz,Adie,fadiee1@gmpg.org,Male
12952,Shaina,Heare,shearee2@1und1.de,Female
15054,Scott,Verralls,sverrallse3@github.com,Male
12251,Bobine,Philippe,bphilippee4@dagondesign.com,Female
16782,Benjamen,Tessington,btessingtone5@php.net,Male
16511,Beauregard,Rawlinson,brawlinsone6@webeden.co.uk,Male
14941,Brandea,Duval,bduvale7@infoseek.co.jp,Female
17455,Oswald,Hillock,ohillocke8@census.gov,Male
15537,Katine,Tee,kteee9@squidoo.com,Female
16245,Harlin,Scrannage,hscrannageea@independent.co.uk,Male
17557,Ab,Whapham,awhaphameb@gizmodo.com,Polygender
15519,Hersch,Kleinbaum,hkleinbaumec@upenn.edu,Male
18194,Darill,Stoyell,dstoyelled@baidu.com,Male
16468,Meredith,Gleder,mglederee@comcast.net,Male
15630,Abner,Birdall,abirdallef@alexa.com,Male
15810,Abdul,Zupone,azuponeeg@4shared.com,Bigender
16151,Demetre,MacElharge,dmacelhargeeh@hud.gov,Male
17802,Dav,Manuaud,dmanuaudei@hao123.com,Male
14255,Barron,Parkyn,bparkynej@zdnet.com,Male
14588,Augustin,Mansbridge,amansbridgeek@friendfeed.com,Male
14739,Evered,Schukraft,eschukraftel@marriott.com,Male
15617,Lucie,Pryn,lprynem@elpais.com,Female
18063,Rourke,Haysom,rhaysomen@angelfire.com,Male
12398,Rabi,Calcraft,rcalcrafteo@comcast.net,Male
16346,Lindsay,Ferrant,lferrantep@1688.com,Female
16659,Ervin,Dawe,edaweeq@digg.com,Male
18212,Sandi,Cornil,scorniler@unicef.org,Female
15714,Darbie,Laurisch,dlaurisches@china.com.cn,Female
12387,Florry,Popple,fpoppleet@abc.net.au,Female
13316,Dyana,Van der Baaren,dvanderbaareneu@unc.edu,Female
17400,Ursola,Skryne,uskryneev@lycos.com,Female
15971,Pavel,Brisard,pbrisardew@sphinn.com,Male
12009,Neilla,Binnes,nbinnesex@chron.com,Female
14768,Keir,Howroyd,khowroydey@aol.com,Male
13505,Witty,Gate,wgateez@nsw.gov.au,Male
16885,Jayme,Growcock,jgrowcockf0@nationalgeographic.com,Male
16069,Phillipe,Norval,pnorvalf1@jiathis.com,Male
14769,Antoinette,Kivelhan,akivelhanf2@exblog.jp,Female
12950,Amandy,Wyndham,awyndhamf3@furl.net,Non-binary
13380,Klarrisa,Burnsyde,kburnsydef4@umn.edu,Female
13123,Melonie,Sneezem,msneezemf5@hexun.com,Female
17402,Nara,Eglaise,neglaisef6@i2i.jp,Genderqueer
13042,Chelsie,Cheak,ccheakf7@weather.com,Female
12718,Kassandra,Spadaro,kspadarof8@yale.edu,Female
15381,Dara,Farish,dfarishf9@aol.com,Non-binary
12866,Wilhelmina,MacGiany,wmacgianyfa@sohu.com,Female
14079,Caressa,Wilkin,cwilkinfb@ebay.com,Female
14566,Callean,Glennie,cglenniefc@ucsd.edu,Genderqueer
14082,Retha,Bugge,rbuggefd@odnoklassniki.ru,Female
16700,Haley,Overy,hoveryfe@bbc.co.uk,Female
16182,Dane,Banbridge,dbanbridgeff@earthlink.net,Male
14740,Arv,Mordue,amorduefg@yellowpages.com,Male
13603,Fiona,Ladell,fladellfh@instagram.com,Female
14836,Theodoric,Tilbury,ttilburyfi@comcast.net,Male
15708,Delora,Woodwind,dwoodwindfj@theatlantic.com,Female
16491,Wynn,Mabson,wmabsonfk@scribd.com,Female
15494,Delila,Youles,dyoulesfl@google.com.hk,Female
14194,Montague,Allnutt,mallnuttfm@aol.com,Male
16690,Brandy,Lashmore,blashmorefn@blogtalkradio.com,Male
15668,Hervey,Cordaroy,hcordaroyfo@dailymail.co.uk,Male
15269,Florida,Clowes,fclowesfp@ezinearticles.com,Female
17202,Nico,Neary,nnearyfq@youtu.be,Male
17533,Cecilia,Rotte,crottefr@i2i.jp,Female
17990,Phylys,Bennit,pbennitfs@toplist.cz,Female
12088,Clywd,Grzegorczyk,cgrzegorczykft@naver.com,Agender
15324,Edmund,Pestridge,epestridgefu@wikispaces.com,Male
16580,Ly,Chotty,lchottyfv@ustream.tv,Male
15802,Frasier,Geistmann,fgeistmannfw@ftc.gov,Male
13467,Electra,Aris,earisfx@wordpress.com,Polygender
12680,Jess,Deavin,jdeavinfy@exblog.jp,Male
16795,Yolande,Culwen,yculwenfz@slashdot.org,Female
13041,Tabby,Leaman,tleamang0@biglobe.ne.jp,Male
14853,Chiarra,Northcliffe,cnorthcliffeg1@tripadvisor.com,Female
16178,Joe,O'Rafferty,joraffertyg2@admin.ch,Male
14163,Bank,Clacson,bclacsong3@w3.org,Male
12847,Holt,Garroch,hgarrochg4@ftc.gov,Male
15057,Miguel,Esposita,mespositag5@edublogs.org,Male
16729,Putnem,Aspell,paspellg6@mtv.com,Male
12880,Purcell,Kliner,pklinerg7@google.cn,Male
14810,Kellby,Thunderman,kthundermang8@mysql.com,Male
12706,Randy,Krollmann,rkrollmanng9@chron.com,Female
15554,Ned,Scorer,nscorerga@prweb.com,Male
18184,Kerr,Driuzzi,kdriuzzigb@pinterest.com,Male
13254,Wilburt,Wraight,wwraightgc@baidu.com,Male
13923,Neils,Hurlin,nhurlingd@zdnet.com,Male
16639,Vinnie,Stickney,vstickneyge@simplemachines.org,Female
16524,Claribel,Baldassi,cbaldassigf@gov.uk,Female
15561,Boniface,Kauscher,bkauschergg@senate.gov,Male
17783,Willey,Bowcock,wbowcockgh@mayoclinic.com,Male
12683,Dalila,Nettles,dnettlesgi@state.gov,Female
12118,Randa,Knibley,rknibleygj@simplemachines.org,Female
16291,Odilia,Seage,oseagegk@apple.com,Female
17115,Natalya,Camerana,ncameranagl@51.la,Female
12701,Luci,Franks,lfranksgm@bloomberg.com,Female
17658,Ker,Rattery,kratterygn@godaddy.com,Male
16137,Dag,Climar,dclimargo@constantcontact.com,Polygender
16320,Rayna,Perrelli,rperrelligp@about.me,Female
16014,Eal,Pothecary,epothecarygq@wiley.com,Male
14426,Prissie,Gayler,pgaylergr@desdev.cn,Female
12258,Abigale,Coopland,acooplandgs@comsenz.com,Female
16368,Suzi,Jereatt,sjereattgt@de.vu,Female
15764,Lorain,Garrood,lgarroodgu@eventbrite.com,Female
15833,Nathan,Daouse,ndaousegv@theatlantic.com,Male
15993,Kania,Eastham,keasthamgw@elpais.com,Female
16752,Lucille,Sabatier,lsabatiergx@blogtalkradio.com,Female
14440,Korrie,Poundsford,kpoundsfordgy@blogspot.com,Female
15383,Bay,Starrs,bstarrsgz@qq.com,Male
15165,Wendi,Hynd,whyndh0@toplist.cz,Female
18104,Archibaldo,Nucci,anuccih1@sphinn.com,Male
13270,Aundrea,Mouncey,amounceyh2@ucoz.com,Female
15267,Josepha,Bouts,jboutsh3@dyndns.org,Female
15427,Fae,Raulston,fraulstonh4@blogspot.com,Female
15373,Vincents,Jowett,vjowetth5@devhub.com,Male
15790,Shawn,Awde,sawdeh6@cnbc.com,Male
15526,Elden,Satchell,esatchellh7@sakura.ne.jp,Male
17400,Dorie,Holtom,dholtomh8@ucla.edu,Female
17185,Deonne,Croyden,dcroydenh9@wordpress.com,Female
15328,Randene,Sickamore,rsickamoreha@amazon.co.uk,Female
12149,Jany,Glassford,jglassfordhb@sfgate.com,Female
17549,Pyotr,Sandom,psandomhc@sphinn.com,Male
13022,Jackson,Gavey,jgaveyhd@uiuc.edu,Male
16906,Harley,Simnett,hsimnetthe@reuters.com,Male
14413,Vanya,Chartman,vchartmanhf@arstechnica.com,Female
15352,Steven,Scouller,sscoullerhg@etsy.com,Male
16833,Dita,McAulay,dmcaulayhh@independent.co.uk,Female
16796,Ignaz,Arnaldy,iarnaldyhi@hatena.ne.jp,Male
17169,Marcy,Veryan,mveryanhj@earthlink.net,Female
17987,Carrie,McGovern,cmcgovernhk@vimeo.com,Female
12183,Ashia,Searl,asearlhl@abc.net.au,Female
12113,Wit,Veitch,wveitchhm@de.vu,Male
17292,Rutter,Jotham,rjothamhn@jigsy.com,Male
15736,Devin,Shoebridge,dshoebridgeho@foxnews.com,Female
13401,Kathie,Costall,kcostallhp@mediafire.com,Female
16622,Ginelle,Rogger,groggerhq@shutterfly.com,Female
16101,Quintin,Avon,qavonhr@apache.org,Male
16953,Sharon,Dallander,sdallanderhs@senate.gov,Female
16748,Eugenie,Drepp,edreppht@studiopress.com,Genderqueer
17569,Spence,Salmoni,ssalmonihu@wikia.com,Male
14592,Juliana,Spratling,jspratlinghv@unesco.org,Female
16940,Cristal,Bovingdon,cbovingdonhw@homestead.com,Female
13535,Cordey,Hulls,chullshx@biblegateway.com,Female
13055,Rubia,Ramplee,rrampleehy@scribd.com,Female
13647,Pris,Ferson,pfersonhz@mapquest.com,Female
13247,Forest,Fontanet,ffontaneti0@who.int,Male
14907,Elmore,McLernon,emclernoni1@pinterest.com,Male
13755,Darbie,Baudi,dbaudii2@home.pl,Female
13453,Nikolas,Cranston,ncranstoni3@newyorker.com,Male
17009,Earvin,Pieracci,epieraccii4@dot.gov,Bigender
14171,Morrie,Godilington,mgodilingtoni5@list-manage.com,Male
12146,Julie,Gibbings,jgibbingsi6@zimbio.com,Male
16718,Clem,Baccup,cbaccupi7@elegantthemes.com,Female
13278,Tremayne,Berth,tberthi8@barnesandnoble.com,Male
15121,George,Graeme,ggraemei9@techcrunch.com,Male
14222,Maryl,Braine,mbraineia@pcworld.com,Genderqueer
17601,Godfrey,Keher,gkeherib@google.de,Male
16849,Franklyn,Vizor,fvizoric@nationalgeographic.com,Male
16575,Elana,Bilbrook,ebilbrookid@chron.com,Female
13494,Flory,Thorneley,fthorneleyie@rakuten.co.jp,Male
17673,Cullan,Galier,cgalierif@goodreads.com,Male
16030,Nadean,Peever,npeeverig@netvibes.com,Female
13671,Alissa,Balasini,abalasiniih@archive.org,Female
17957,Darwin,Marsay,dmarsayii@shinystat.com,Male
13584,Willyt,Beeck,wbeeckij@myspace.com,Female
13186,Carver,Berrick,cberrickik@who.int,Bigender
12070,Reinwald,Gagan,rgaganil@sphinn.com,Male
15816,Sven,Askey,saskeyim@independent.co.uk,Male
17953,Beniamino,MacCrackan,bmaccrackanin@irs.gov,Male
14430,Benedick,Maud,bmaudio@nps.gov,Male
12373,Sherri,Sieve,ssieveip@timesonline.co.uk,Female
17980,Almira,Habbal,ahabbaliq@ucsd.edu,Genderfluid
14379,Cozmo,Brameld,cbrameldir@kickstarter.com,Male
14049,Sarette,Daborn,sdabornis@si.edu,Female
12315,Shelly,Gellan,sgellanit@facebook.com,Female
17044,Cyb,Harding,chardingiu@youtube.com,Female
14413,Jodie,Jerram,jjerramiv@apache.org,Female
16837,Jarret,Vanyarkin,jvanyarkiniw@si.edu,Male
13668,Tamqrah,Mountney,tmountneyix@unicef.org,Female
17019,Alaric,Halden,ahaldeniy@chron.com,Male
12760,Mina,Rainy,mrainyiz@360.cn,Genderfluid
18229,Biron,Rhyme,brhymej0@timesonline.co.uk,Male
16613,Alphonse,Plunket,aplunketj1@dropbox.com,Male
13784,Ivan,Duffree,iduffreej2@fotki.com,Male
17741,Florence,Ravenhill,fravenhillj3@ehow.com,Female
15484,Rachel,Rising,rrisingj4@google.com.au,Female
17286,Estelle,Antwis,eantwisj5@mashable.com,Female
15082,Allie,Highnam,ahighnamj6@illinois.edu,Male
13354,Patrick,Rijkeseis,prijkeseisj7@slashdot.org,Polygender
18249,Reidar,Hehnke,rhehnkej8@mayoclinic.com,Male
17326,Field,Hosten,fhostenj9@addtoany.com,Male
12968,Colet,Iban,cibanja@amazon.de,Polygender
13978,Fleming,Patershall,fpatershalljb@aol.com,Male
16400,Bryna,Szymanski,bszymanskijc@mozilla.org,Non-binary
17535,Julietta,Tacey,jtaceyjd@macromedia.com,Female
14013,Vaughan,MacGray,vmacgrayje@sphinn.com,Male
16397,Madelon,Jirusek,mjirusekjf@nhs.uk,Female
15931,Rooney,Sheardown,rsheardownjg@webmd.com,Male
13505,Gerard,Doidge,gdoidgejh@uiuc.edu,Male
15366,Rosabel,Glazer,rglazerji@reverbnation.com,Female
13607,Julietta,Tackle,jtacklejj@youtube.com,Female
14358,Sansone,Sisland,ssislandjk@newsvine.com,Male
12781,Herminia,Govini,hgovinijl@blogger.com,Female
16556,Gloriana,Qualtrough,gqualtroughjm@apache.org,Genderfluid
12389,Diego,Skelbeck,dskelbeckjn@redcross.org,Male
16575,Belicia,Ellice,bellicejo@statcounter.com,Female
12132,Dermot,Anderton,dandertonjp@ycombinator.com,Male
17180,Tammy,Abbe,tabbejq@devhub.com,Male
12024,Pyotr,Wallis,pwallisjr@census.gov,Male
16434,Chrissy,Espinosa,cespinosajs@bandcamp.com,Male
17090,Shelba,Fermin,sferminjt@sfgate.com,Female
15257,Glenn,Sterricker,gsterrickerju@ucsd.edu,Female
14484,Gaby,Alliberton,gallibertonjv@icq.com,Agender
13208,Reggy,Truesdale,rtruesdalejw@canalblog.com,Male
17280,Shelton,Whitlaw,swhitlawjx@furl.net,Male
12868,Wendie,Stockley,wstockleyjy@usda.gov,Female
13686,Georgeta,Learoid,glearoidjz@sogou.com,Female
14192,Christabella,Markel,cmarkelk0@ifeng.com,Female
17717,Hilario,Elmer,helmerk1@paypal.com,Male
14332,Lucius,Osgarby,losgarbyk2@nationalgeographic.com,Male
17095,Gail,Westfield,gwestfieldk3@123-reg.co.uk,Female
15133,Arliene,Gwyther,agwytherk4@creativecommons.org,Female
16468,Blakelee,Miere,bmierek5@ed.gov,Female
15730,Morley,Gerriets,mgerrietsk6@rambler.ru,Male
13785,Cole,Sanford,csanfordk7@microsoft.com,Male
15230,Tabatha,Tipler,ttiplerk8@yale.edu,Polygender
12092,Alexi,Sherburn,asherburnk9@smugmug.com,Female
17964,Griffin,Ivic,givicka@netlog.com,Male
15160,Brew,Ossipenko,bossipenkokb@weebly.com,Male
13578,Far,Baniard,fbaniardkc@webeden.co.uk,Male
15644,Law,Magnay,lmagnaykd@tripod.com,Male
18156,Gilberto,Clardge,gclardgeke@whitehouse.gov,Bigender
14137,Lulu,Pray,lpraykf@tuttocitta.it,Female
17109,Brigham,Schleswig-Holstein,bschleswigholsteinkg@cbc.ca,Male
13178,Linnell,Byrch,lbyrchkh@diigo.com,Female
17976,Gail,Bohl,gbohlki@dailymotion.com,Female
14164,Rosabelle,Plews,rplewskj@ucla.edu,Female
12519,Sheffy,Kybbye,skybbyekk@yolasite.com,Male
12367,Micki,Young,myoungkl@hexun.com,Female
16430,Lorettalorna,Jehaes,ljehaeskm@slate.com,Female
12382,Cyril,McFetrich,cmcfetrichkn@chronoengine.com,Male
17622,Essa,Berns,ebernsko@biblegateway.com,Female
18171,Marcia,Jobling,mjoblingkp@wisc.edu,Female
17741,Aharon,Pepperill,apepperillkq@constantcontact.com,Male
15796,Angeli,Batho,abathokr@discovery.com,Male
13833,Catrina,Posselwhite,cposselwhiteks@slashdot.org,Female
16833,Abigael,Patterson,apattersonkt@harvard.edu,Female
14875,Carmine,Kilbee,ckilbeeku@senate.gov,Male
18257,Pietra,Carlick,pcarlickkv@scientificamerican.com,Female
14039,Darcy,Oxterby,doxterbykw@latimes.com,Male
12857,Carly,Yakobovitz,cyakobovitzkx@xing.com,Female
12489,Dalenna,Pattillo,dpattilloky@blogger.com,Female
13948,Merry,Blanchet,mblanchetkz@gnu.org,Male
12560,Lester,Pettigrew,lpettigrewl0@google.pl,Male
15248,Justinian,Janway,jjanwayl1@imgur.com,Male
17829,Orren,Coils,ocoilsl2@drupal.org,Male
16662,Jemimah,Dietz,jdietzl3@sciencedaily.com,Female
13420,Estell,Bhar,ebharl4@state.gov,Female
16533,Catherina,Reggio,creggiol5@godaddy.com,Female
16257,Armando,Petrushkevich,apetrushkevichl6@wiley.com,Male
13572,Kit,O'Heffernan,koheffernanl7@fema.gov,Male
13622,Keslie,Boxe,kboxel8@cornell.edu,Female
16683,Garald,Skelly,gskellyl9@dailymail.co.uk,Male
14603,Steven,Goldstein,sgoldsteinla@cargocollective.com,Male
14978,Ferdie,Fumagall,ffumagalllb@google.com.br,Male
12364,Peyter,Nicklin,pnicklinlc@examiner.com,Genderfluid
18175,Sandra,Greed,sgreedld@plala.or.jp,Female
17320,Harlen,Taffie,htaffiele@si.edu,Male
18200,Korey,Ralestone,kralestonelf@narod.ru,Male
13545,Carlyn,Starmer,cstarmerlg@economist.com,Female
17357,Jarret,Crosio,jcrosiolh@dailymotion.com,Male
15044,Robinia,Freer,rfreerli@google.ca,Female
15372,Corbett,Hibbart,chibbartlj@elegantthemes.com,Male
12429,Edgard,Bromby,ebrombylk@bizjournals.com,Male
17439,Kissie,Thacke,kthackell@github.com,Female
17133,Hazel,Ellingsworth,hellingsworthlm@wikimedia.org,Male
18265,Freddie,Geeraert,fgeeraertln@sohu.com,Female
17716,Alford,Ellesmere,aellesmerelo@i2i.jp,Male
16524,Sisely,Handrick,shandricklp@unc.edu,Female
16635,Marleah,Hallagan,mhallaganlq@amazon.co.jp,Female
13990,Orsa,Bodega,obodegalr@google.ca,Bigender
14879,Gasparo,Hodgins,ghodginsls@weebly.com,Male
17778,Kort,Bushby,kbushbylt@businesswire.com,Male
13229,Codi,Fuzzey,cfuzzeylu@utexas.edu,Male
13919,Polly,Strettle,pstrettlelv@t-online.de,Female
17303,Peri,Hirjak,phirjaklw@meetup.com,Non-binary
13894,Nerte,Wieprecht,nwieprechtlx@sfgate.com,Female
12984,Burl,Sewley,bsewleyly@icio.us,Male
12649,Wynny,Skey,wskeylz@bbc.co.uk,Agender
14645,Briana,Burstowe,bburstowem0@hatena.ne.jp,Female
15233,Andie,Kenshole,akensholem1@census.gov,Male
17577,Archaimbaud,Malicki,amalickim2@free.fr,Male
15597,Madella,Housbie,mhousbiem3@wiley.com,Female
15979,Genevra,Brain,gbrainm4@bing.com,Female
15946,Jerrilee,Cranmor,jcranmorm5@npr.org,Female
15668,Sandie,Lillyman,slillymanm6@yahoo.com,Female
18221,Bjorn,Paley,bpaleym7@sfgate.com,Bigender
12849,Kristoffer,Woolfall,kwoolfallm8@zdnet.com,Male
12255,Lance,Radloff,lradloffm9@w3.org,Male
15350,Carlyle,Hryskiewicz,chryskiewiczma@ucoz.com,Male
16532,Jeno,Goss,jgossmb@wordpress.org,Male
14348,Isadore,Ollerton,iollertonmc@nature.com,Male
15179,Poppy,Bright,pbrightmd@histats.com,Female
15443,Mychal,Prangle,mprangleme@ning.com,Male
17703,Janela,Opdenorth,jopdenorthmf@feedburner.com,Female
16366,Lynea,Dunklee,ldunkleemg@usgs.gov,Female
15791,Jorge,Camacho,jcamachomh@elegantthemes.com,Male
15617,Lisette,Oldknowe,loldknowemi@mail.ru,Female
12795,Allan,Dottrell,adottrellmj@nasa.gov,Male
14142,Humbert,Quernel,hquernelmk@hc360.com,Male
18168,Jaye,Plowes,jplowesml@soundcloud.com,Male
13144,Samaria,Hambrick,shambrickmm@nhs.uk,Female
15747,Bartolomeo,Turle,bturlemn@spiegel.de,Male
13028,Myranda,Lomasny,mlomasnymo@kickstarter.com,Female
15852,Georgi,Keynes,gkeynesmp@ow.ly,Male
14652,Justino,Karlolak,jkarlolakmq@europa.eu,Male
14002,Paige,Gullifant,pgullifantmr@csmonitor.com,Female
13094,Jeniffer,Bims,jbimsms@umich.edu,Female
16531,Shay,McLuckie,smcluckiemt@netvibes.com,Female
17370,Dyanna,Fitzharris,dfitzharrismu@vinaora.com,Female
12489,Tristam,Stuckes,tstuckesmv@ebay.com,Male
15500,Laurie,Vardey,lvardeymw@icq.com,Male
14822,Clary,Pulford,cpulfordmx@chron.com,Female
14906,Holly,Bierton,hbiertonmy@feedburner.com,Male
14688,Lynnell,Musterd,lmusterdmz@google.pl,Female
16040,Olag,Stiles,ostilesn0@blog.com,Male
16469,Toma,Finder,tfindern1@forbes.com,Female
12983,Saw,Arnal,sarnaln2@examiner.com,Male
13444,Annnora,Demangel,ademangeln3@va.gov,Female
12169,Mada,Maycey,mmayceyn4@meetup.com,Female
17514,Lydia,Dagwell,ldagwelln5@hc360.com,Bigender
12961,Jard,Scala,jscalan6@last.fm,Male
14477,Cornell,Gemson,cgemsonn7@gravatar.com,Male
12229,Angelica,Donson,adonsonn8@google.com.hk,Female
14788,Smitty,McGown,smcgownn9@webmd.com,Male
15093,Roldan,Latchford,rlatchfordna@comcast.net,Male
13774,Jobyna,Pashby,jpashbynb@soundcloud.com,Female
15602,Eleni,Janik,ejaniknc@bbc.co.uk,Female
12876,Dasya,Rebichon,drebichonnd@cnbc.com,Female
14194,Karlis,Hinzer,khinzerne@canalblog.com,Male
13443,Linoel,McGillecole,lmcgillecolenf@about.me,Male
12282,Nickolaus,Chittem,nchittemng@dell.com,Male
12411,Redford,Baldcock,rbaldcocknh@google.fr,Male
12363,Erasmus,Krollmann,ekrollmannni@blog.com,Male
16090,Joaquin,Jeremaes,jjeremaesnj@angelfire.com,Male
14740,Gannon,Measey,gmeaseynk@utexas.edu,Male
13613,Marrissa,Sheere,msheerenl@devhub.com,Female
14354,Jereme,Wysome,jwysomenm@cam.ac.uk,Non-binary
18122,Brandyn,Slayford,bslayfordnn@wordpress.com,Male
13188,Tedi,Cheng,tchengno@vimeo.com,Female
16694,Marcus,McInerney,mmcinerneynp@storify.com,Male
16988,Sandro,Dodson,sdodsonnq@dyndns.org,Male
13435,Blondelle,Covendon,bcovendonnr@tiny.cc,Female
14318,Duky,Carillo,dcarillons@linkedin.com,Male
17353,Sidonia,Drinkall,sdrinkallnt@wufoo.com,Female
15778,Katharina,Bette,kbettenu@slashdot.org,Female
16151,Melantha,Eldridge,meldridgenv@cocolog-nifty.com,Female
12779,Juanita,Witsey,jwitseynw@whitehouse.gov,Female
17567,Anetta,Rennison,arennisonnx@thetimes.co.uk,Female
15455,Hazel,Reinger,hreingerny@storify.com,Female
16123,Cyrill,Yakubowicz,cyakubowicznz@edublogs.org,Male
17801,Patrice,Gusticke,pgustickeo0@chronoengine.com,Female
14677,Reamonn,Luesley,rluesleyo1@liveinternet.ru,Male
18086,Bordy,Lipsett,blipsetto2@fastcompany.com,Male
13967,Lynda,Grassin,lgrassino3@zimbio.com,Female
17792,Kane,Briston,kbristono4@europa.eu,Male
16017,Kaitlynn,Ceschelli,kceschellio5@hexun.com,Female
14242,Isabel,Bloggett,ibloggetto6@freewebs.com,Female
14057,Ollie,Saffon,osaffono7@sbwire.com,Female
12436,Emelyne,Ettery,eetteryo8@go.com,Female
18059,Malena,Hurdle,mhurdleo9@edublogs.org,Female
17567,Dulce,Snozzwell,dsnozzwelloa@vimeo.com,Female
12397,Randal,Popworth,rpopworthob@ocn.ne.jp,Male
17326,Elsey,Wilbore,ewilboreoc@addthis.com,Female
12145,Edmon,Jonson,ejonsonod@about.me,Male
12307,Revkah,Purselowe,rpurseloweoe@virginia.edu,Female
13124,Galen,Cashin,gcashinof@google.co.jp,Male
14873,Oren,McCreath,omccreathog@oaic.gov.au,Male
12807,Shanon,Minifie,sminifieoh@woothemes.com,Genderqueer
12986,Lambert,Sopper,lsopperoi@howstuffworks.com,Male
17846,Steffane,Tierney,stierneyoj@washingtonpost.com,Female
14027,Eldredge,Dreng,edrengok@zimbio.com,Male
14437,Colette,Mathys,cmathysol@mapquest.com,Female
14562,Garry,Simmell,gsimmellom@europa.eu,Male
12954,Kinsley,Fumagall,kfumagallon@ovh.net,Male
12770,Perle,Beaver,pbeaveroo@edublogs.org,Female
15128,Kristen,Hamlett,khamlettop@blog.com,Female
17539,Stefania,Crossgrove,scrossgroveoq@hexun.com,Female
13835,Tadeo,Trayhorn,ttrayhornor@nhs.uk,Male
15625,Price,Yacobsohn,pyacobsohnos@google.co.jp,Male
16339,Hedi,McComb,hmccombot@mit.edu,Female
14354,Ann,Pendrick,apendrickou@wikispaces.com,Female
13831,Keeley,Cracie,kcracieov@drupal.org,Female
14017,Katerina,Le Guin,kleguinow@ebay.co.uk,Female
14227,Lucky,Benez,lbenezox@nih.gov,Female
13710,Archer,Redolfi,aredolfioy@mozilla.com,Male
12098,Fredric,Loughan,floughanoz@4shared.com,Male
14205,Vikky,Hubbucks,vhubbucksp0@printfriendly.com,Female
17121,Linnet,Cauley,lcauleyp1@npr.org,Female
17411,Nonie,Kurdani,nkurdanip2@narod.ru,Female
13289,Cedric,Lindman,clindmanp3@twitter.com,Male
14237,Dav,Cutmere,dcutmerep4@goodreads.com,Agender
14934,Corbin,Ricoald,cricoaldp5@hostgator.com,Male
15395,Kalinda,Agron,kagronp6@qq.com,Female
17593,Adrianne,Gorrissen,agorrissenp7@wikipedia.org,Female
17317,Yehudit,Hunstone,yhunstonep8@pbs.org,Male
14211,Jolyn,Odell,jodellp9@google.com.au,Female
17411,Maxwell,Dibdin,mdibdinpa@harvard.edu,Male
14756,Carmel,Parry,cparrypb@home.pl,Agender
16830,Shay,Forshaw,sforshawpc@cdbaby.com,Male
17028,Norbert,Freeberne,nfreebernepd@prlog.org,Male
16308,Allene,Smeed,asmeedpe@ted.com,Female
13136,Barnett,Garfirth,bgarfirthpf@wsj.com,Agender
18022,Cleon,Gettens,cgettenspg@yahoo.co.jp,Male
17638,Donetta,Heber,dheberph@usnews.com,Female
18068,Cole,Liveley,cliveleypi@studiopress.com,Male
15285,Portie,Hammel,phammelpj@wunderground.com,Male
16678,Carry,Southard,csouthardpk@europa.eu,Female
16559,Anthea,Gamil,agamilpl@abc.net.au,Female
12058,Andy,Whilde,awhildepm@hostgator.com,Male
15127,Nickolai,Lawlor,nlawlorpn@samsung.com,Male
13763,Liesa,Hallut,lhallutpo@senate.gov,Female
17208,Lars,Calan,lcalanpp@timesonline.co.uk,Male
14959,Sibbie,Wrathmell,swrathmellpq@house.gov,Genderfluid
16946,Shell,Kivelhan,skivelhanpr@zimbio.com,Male
15995,Veronike,Penke,vpenkeps@discuz.net,Female
12411,Bertie,Fee,bfeept@nymag.com,Female
16096,Quint,Kelmere,qkelmerepu@blogspot.com,Male
17313,Sigfried,Balham,sbalhampv@accuweather.com,Male
16929,Dalia,Tourne,dtournepw@freewebs.com,Female
14973,Lilas,Devennie,ldevenniepx@quantcast.com,Female
13691,Maurise,Judson,mjudsonpy@fastcompany.com,Male
12016,Gerrie,Jaskowicz,gjaskowiczpz@salon.com,Male
14273,Angus,Bradnocke,abradnockeq0@nifty.com,Polygender
16387,Lemmie,Gumey,lgumeyq1@reverbnation.com,Male
16198,Alis,Townsend,atownsendq2@nymag.com,Female
14999,Torrie,Sieve,tsieveq3@economist.com,Female
12353,Valry,Bysaker,vbysakerq4@wordpress.com,Female
15252,Marti,Pear,mpearq5@disqus.com,Female
15704,Locke,Standbrook,lstandbrookq6@amazon.com,Male
16189,Babbette,Drennan,bdrennanq7@topsy.com,Female
12183,Cash,Wyllcocks,cwyllcocksq8@skype.com,Male
17766,Vyky,Draxford,vdraxfordq9@slate.com,Female
13516,Saudra,Bozworth,sbozworthqa@list-manage.com,Female
18080,Mufi,Tulley,mtulleyqb@msu.edu,Female
15285,Charmion,Stede,cstedeqc@mit.edu,Non-binary
17914,Natty,Lucock,nlucockqd@theguardian.com,Male
14431,Karlee,Eva,kevaqe@disqus.com,Female
16211,Beryle,MacMenamy,bmacmenamyqf@admin.ch,Female
16764,Stearne,Verriour,sverriourqg@vinaora.com,Male
14221,Nelia,Inott,ninottqh@goo.gl,Female
17452,Henrieta,Levesley,hlevesleyqi@mayoclinic.com,Female
16040,Gabriell,Stainton,gstaintonqj@mapquest.com,Female
12529,Patrizio,Murdie,pmurdieqk@sakura.ne.jp,Male
13055,Wiatt,Deniske,wdeniskeql@myspace.com,Male
17192,Rikki,Neylan,rneylanqm@noaa.gov,Male
12699,Ragnar,Levet,rlevetqn@virginia.edu,Male
17172,Meggie,Gidman,mgidmanqo@discovery.com,Female
14696,Silvano,Franscioni,sfranscioniqp@princeton.edu,Male
12593,Nadine,Klewer,nklewerqq@aboutads.info,Female
15585,Esme,Fredson,efredsonqr@ovh.net,Male
13097,Quill,While,qwhileqs@bbc.co.uk,Male
13995,Dall,Vossing,dvossingqt@redcross.org,Male
15724,Norman,Van der Kruys,nvanderkruysqu@chron.com,Male
13132,Nico,Dragge,ndraggeqv@webs.com,Male
17530,Iorgos,Sanbrooke,isanbrookeqw@spotify.com,Genderfluid
12541,Fidelity,Incogna,fincognaqx@timesonline.co.uk,Female
15449,Lyon,Patsall,lpatsallqy@google.ca,Male
17453,Stavro,Chick,schickqz@qq.com,Genderqueer
18133,Jone,Westrope,jwestroper0@gmpg.org,Male
12286,Justinn,Feldmus,jfeldmusr1@delicious.com,Genderqueer
15063,Akim,McGerraghty,amcgerraghtyr2@gnu.org,Male
14292,Lind,Frogley,lfrogleyr3@macromedia.com,Non-binary
12169,Jeana,De Antoni,jdeantonir4@google.es,Female
15435,Sampson,Kollas,skollasr5@ask.com,Male
16629,Shauna,Hatton,shattonr6@intel.com,Female
17070,Halimeda,Balaisot,hbalaisotr7@nbcnews.com,Female
12341,Gilburt,Rodgerson,grodgersonr8@netlog.com,Male
12537,Klarrisa,Grimsell,kgrimsellr9@baidu.com,Female
12538,Angelico,Kohrsen,akohrsenra@uiuc.edu,Male
13977,Joel,Lenney,jlenneyrb@prlog.org,Agender
13098,Noe,Habron,nhabronrc@123-reg.co.uk,Male
15049,Ned,McClintock,nmcclintockrd@ucoz.com,Bigender
16539,Bengt,Need,bneedre@cpanel.net,Agender
17877,Base,Spera,bsperarf@1688.com,Male
16565,Mata,Paish,mpaishrg@indiegogo.com,Male
15529,Margaux,Le Franc,mlefrancrh@a8.net,Female
14811,Rabbi,Elby,relbyri@weebly.com,Male
14889,Sybille,Tunnock,stunnockrj@jigsy.com,Bigender
16424,Ruthy,Penkethman,rpenkethmanrk@cbsnews.com,Female
15055,Ivory,Mersh,imershrl@dailymotion.com,Female
12304,Michaeline,North,mnorthrm@skyrock.com,Polygender
12395,Iormina,Nerheny,inerhenyrn@mlb.com,Genderfluid
16347,Curtis,Derges,cdergesro@blinklist.com,Male
12105,Nonie,Bellocht,nbellochtrp@nasa.gov,Female
16030,Damian,Ayshford,dayshfordrq@chicagotribune.com,Male
13417,Tana,Stiggles,tstigglesrr@blog.com,Female